Id_page;Nom_page;Type_page;Type_actu;fr;Lien;Page_mère
9;Refugio Pineta - Refugio Pineta;PageAccueil;;0;valpineta.eu/;
1;Refugio Pineta - Refugio Pineta (Valpineta);PageAccueil;;1;valpineta.eu/fr/;9
581;Cólera de Dios - Refugio Pineta;Glace;;0;valpineta.eu/escaladedeglace/colera-de-dios/;
1222;Cólera de Dios - Refugio Pineta (Valpineta);Glace;;1;valpineta.eu/fr/escaladedeglace/colera-de-dios/;581
793;Columna Sioux - Refugio Pineta;Glace;;0;valpineta.eu/escaladedeglace/columna-sioux/;
2304;Columna Sioux - Refugio Pineta (Valpineta);Glace;;1;valpineta.eu/fr/escaladedeglace/columna-sioux/;793
840;Corredor Y ramal derecho - Refugio Pineta;Glace;;0;valpineta.eu/escaladedeglace/corredor-y-ramal-derecho/;
1347;Couloir Y, branche droite - Refugio Pineta (Valpineta);Glace;;1;valpineta.eu/fr/escaladedeglace/couloir-y-branche-droite/;840
1151;Corredor Y ramal izquierdo - Refugio Pineta;Glace;;0;valpineta.eu/escaladedeglace/corredor-y-ramal-izquierdo/;
1506;Couloir Y, branche gauche - Refugio Pineta (Valpineta);Glace;;1;valpineta.eu/fr/escaladedeglace/couloir-y-branche-gauche/;1151
903;Crows - Refugio Pineta;Glace;;0;valpineta.eu/escaladedeglace/crows/;
1265;Crows - Refugio Pineta (Valpineta);Glace;;1;valpineta.eu/fr/escaladedeglace/crows/;903
1072;Cursi yo ? - Refugio Pineta;Glace;;0;valpineta.eu/escaladedeglace/cursi-yo/;
1216;Cursi yo ? - Refugio Pineta (Valpineta);Glace;;1;valpineta.eu/fr/escaladedeglace/cursi-yo/;1072
421;Demilano - Refugio Pineta;Glace;;0;valpineta.eu/escaladedeglace/demilano/;
2093;Demilano - Refugio Pineta (Valpineta);Glace;;1;valpineta.eu/fr/escaladedeglace/demilano/;421
1038;Dorada + variantes Directa y Antigua - Refugio Pineta;Glace;;0;valpineta.eu/escaladedeglace/dorada/;
1391;Dorada + variantes Directa y Antigua - Refugio Pineta (Valpineta);Glace;;1;valpineta.eu/fr/escaladedeglace/dorada/;1038
304;Du lard et du cochon - Refugio Pineta;Glace;;0;valpineta.eu/escaladedeglace/du-lard-et-du-cochon/;
1349;Du lard et du cochon - Refugio Pineta (Valpineta);Glace;;1;valpineta.eu/fr/escaladedeglace/du-lard-et-du-cochon/;304
1375;El Carnaval - Refugio Pineta;Glace;;0;valpineta.eu/escaladedeglace/el-carnaval/;
1371;El Carnaval - Refugio Pineta (Valpineta);Glace;;1;valpineta.eu/fr/escaladedeglace/el-carnaval/;1375
507;El Diabillo - Refugio Pineta;Glace;;0;valpineta.eu/escaladedeglace/el-diabillo/;
1362;El Diabillo - Refugio Pineta (Valpineta);Glace;;1;valpineta.eu/fr/escaladedeglace/el-diabillo/;507
1155;El Estrecho - Refugio Pineta;Glace;;0;valpineta.eu/escaladedeglace/el-estrecho/;
1504;El Estrecho - Refugio Pineta (Valpineta);Glace;;1;valpineta.eu/fr/escaladedeglace/el-estrecho/;1155
959;El gran salto del sarrio - Refugio Pineta;Glace;;0;valpineta.eu/escaladedeglace/el-gran-salto-del-sarrio/;
1188;El gran salto del sarrio - Refugio Pineta (Valpineta);Glace;;1;valpineta.eu/fr/escaladedeglace/el-gran-salto-del-sarrio/;959
558;El que no corre vuela - Refugio Pineta;Glace;;0;valpineta.eu/escaladedeglace/el-que-no-corre-vuela/;
2910;El que no corre vuela - Refugio Pineta (Valpineta);Glace;;1;valpineta.eu/fr/escaladedeglace/el-que-no-corre-vuela/;558
970;El ratolí previsor - Refugio Pineta;Glace;;0;valpineta.eu/escaladedeglace/el-ratoli-previsor/;
1234;El ratolí previsor - Refugio Pineta (Valpineta);Glace;;1;valpineta.eu/fr/escaladedeglace/el-ratoli-previsor/;970
932;Els Elfics - Refugio Pineta;Glace;;0;valpineta.eu/escaladedeglace/els-elfics/;
1351;Els Elfics - Refugio Pineta (Valpineta);Glace;;1;valpineta.eu/fr/escaladedeglace/els-elfics/;932
928;El somni de Laia - Refugio Pineta;Glace;;0;valpineta.eu/escaladedeglace/el-somni-de-laia/;
2255;El somni de Laia - Refugio Pineta (Valpineta);Glace;;1;valpineta.eu/fr/escaladedeglace/el-somni-de-laia/;928
2681;Barrosa por Barrosa - Refugio Pineta;Actualité;Eté;0;valpineta.eu/barrosa-por-barrosa/;
2684;Barrosa par Barrosa - Refugio Pineta (Valpineta);Actualité;Eté;1;valpineta.eu/fr/barrosa-por-barrosa/;2681
831;El sueño del agua - Refugio Pineta;Glace;;0;valpineta.eu/escaladedeglace/el-sueno-del-agua/;
1208;El sueño del agua - Refugio Pineta (Valpineta);Glace;;1;valpineta.eu/fr/escaladedeglace/el-sueno-del-agua/;831
829;Erika - Refugio Pineta;Glace;;0;valpineta.eu/escaladedeglace/erika/;
2166;Erika - Refugio Pineta (Valpineta);Glace;;1;valpineta.eu/fr/escaladedeglace/erika/;829
961;Erreur de jeunesse - Refugio Pineta;Glace;;0;valpineta.eu/escaladedeglace/erreur-de-jeunesse/;
1502;Erreur de jeunesse - Refugio Pineta (Valpineta);Glace;;1;valpineta.eu/fr/escaladedeglace/erreur-de-jeunesse/;961
717;Espluca - Refugio Pineta;Glace;;0;valpineta.eu/escaladedeglace/espluca/;
1184;Espluca - Refugio Pineta (Valpineta);Glace;;1;valpineta.eu/fr/escaladedeglace/espluca/;717
504;Espluca negra - Refugio Pineta;Glace;;0;valpineta.eu/escaladedeglace/espluca-negra/;
2090;Espluca negra - Refugio Pineta (Valpineta);Glace;;1;valpineta.eu/fr/escaladedeglace/espluca-negra/;504
334;Fuen Blanca - Refugio Pineta;Glace;;0;valpineta.eu/escaladedeglace/fuen-blanca/;
127;Fuen Blanca - Refugio Pineta (Valpineta);Glace;;1;valpineta.eu/fr/escaladedeglace/fuen-blanca/;334
787;Gora Guta Gutarrak - Refugio Pineta;Glace;;0;valpineta.eu/escaladedeglace/gora-guta-gutarrak/;
2907;Gora guta Gutarrak - Refugio Pineta (Valpineta);Glace;;1;valpineta.eu/fr/escaladedeglace/gora-guta-gutarrak/;787
1016;Gordillito - Refugio Pineta;Glace;;0;valpineta.eu/escaladedeglace/gordillito/;
898;Goulotte Apache - Refugio Pineta;Glace;;0;valpineta.eu/escaladedeglace/goulotte-apache/;
1378;Goulotte Apache - Refugio Pineta (Valpineta);Glace;;1;valpineta.eu/fr/escaladedeglace/goulotte-apache/;898
712;Gurgute - Refugio Pineta;Glace;;0;valpineta.eu/escaladedeglace/gurgute/;
2218;Gurgute - Refugio Pineta (Valpineta);Glace;;1;valpineta.eu/fr/escaladedeglace/gurgute/;712
540;Hechicera - Refugio Pineta;Glace;;0;valpineta.eu/escaladedeglace/hechicera/;
1272;Hechicera - Refugio Pineta (Valpineta);Glace;;1;valpineta.eu/fr/escaladedeglace/hechicera/;540
833;Hielonexia - Refugio Pineta;Glace;;0;valpineta.eu/escaladedeglace/hielonexia/;
912;Jujanenca - Refugio Pineta;Glace;;0;valpineta.eu/escaladedeglace/jujanenca/;
2308;Jujanenca - Refugio Pineta (Valpineta);Glace;;1;valpineta.eu/fr/escaladedeglace/jujanenca/;912
533;KagaForce - Refugio Pineta;Glace;;0;valpineta.eu/escaladedeglace/kagaforce/;
2272;KagaForce - Refugio Pineta (Valpineta);Glace;;1;valpineta.eu/fr/escaladedeglace/kagaforce/;533
513;Kique-Ice - Refugio Pineta;Glace;;0;valpineta.eu/escaladedeglace/kique-ice/;
2301;Kique-Ice - Refugio Pineta (Valpineta);Glace;;1;valpineta.eu/fr/escaladedeglace/kique-ice/;513
535;La Amenaza Subirana - Refugio Pineta;Glace;;0;valpineta.eu/escaladedeglace/la-amenaza-subirana/;
491;La caída del imperio romano - Refugio Pineta;Glace;;0;valpineta.eu/escaladedeglace/la-caida-del-imperio-romano/;
2462;La caída del imperio romano - Refugio Pineta (Valpineta);Glace;;1;valpineta.eu/fr/escaladedeglace/la-caida-del-imperio-romano/;491
1032;La diagonal - Refugio Pineta;Glace;;0;valpineta.eu/escaladedeglace/la-diagonale/;
1500;La diagonal - Refugio Pineta (Valpineta);Glace;;1;valpineta.eu/fr/escaladedeglace/la-diagonale/;1032
1163;Lagrimas del Salcorz - Refugio Pineta;Glace;;0;valpineta.eu/escaladedeglace/lagrimas-del-salcorz/;
1200;Lagrimas del Salcorz - Refugio Pineta (Valpineta);Glace;;1;valpineta.eu/fr/escaladedeglace/lagrimas-del-salcorz/;1163
482;La impaciencia de Jordi - Refugio Pineta;Glace;;0;valpineta.eu/escaladedeglace/la-impaciencia-de-jordi/;
1815;La impaciencia de Jordi - Refugio Pineta (Valpineta);Glace;;1;valpineta.eu/fr/escaladedeglace/la-impaciencia-de-jordi/;482
147;La Nostalgia del Irlandes - Refugio Pineta;Glace;;0;valpineta.eu/escaladedeglace/la-nostalgia-del-irlandes/;
811;La Nostalgia del Irlandes - Refugio Pineta (Valpineta);Glace;;1;valpineta.eu/fr/escaladedeglace/la-nostalgia-del-irlandes/;147
493;La odisea de Prerna - Refugio Pineta;Glace;;0;valpineta.eu/escaladedeglace/la-odisea-de-prerna/;
552;La paciencia de Mónica - Refugio Pineta;Glace;;0;valpineta.eu/escaladedeglace/la-paciencia-de-monica/;
1148;La paciencia de Mónica - Refugio Pineta (Valpineta);Glace;;1;valpineta.eu/fr/escaladedeglace/la-paciencia-de-monica/;552
192;La Plancha de Bruno - Refugio Pineta;Glace;;0;valpineta.eu/escaladedeglace/la-plancha-de-bruno/;
2595;La Plancha de Bruno - Refugio Pineta (Valpineta);Glace;;1;valpineta.eu/fr/escaladedeglace/la-plancha-de-bruno/;192
281;La risa de Elisa - Refugio Pineta;Glace;;0;valpineta.eu/escaladedeglace/la-risa-de-elisa/;
2405;La risa de Elisa - Refugio Pineta (Valpineta);Glace;;1;valpineta.eu/fr/escaladedeglace/la-risa-de-elisa/;281
487;La Sarra (El Molín ) - Refugio Pineta;Glace;;0;valpineta.eu/escaladedeglace/la-sarra-el-molin/;
1122;La Sarra (El Molín ) - Refugio Pineta (Valpineta);Glace;;1;valpineta.eu/fr/escaladedeglace/la-sarra-el-molin/;487
819;La surgencia - Refugio Pineta;Glace;;0;valpineta.eu/escaladedeglace/la-surgencia/;
2390;La surgencia - Refugio Pineta (Valpineta);Glace;;1;valpineta.eu/fr/escaladedeglace/la-surgencia/;819
495;La Teoría del Viento - Refugio Pineta;Glace;;0;valpineta.eu/escaladedeglace/la-teoria-del-viento/;
1314;Le petit cirque - Refugio Pineta;Glace;;0;valpineta.eu/escaladedeglace/le-petit-cirque/;
2314;Le petit cirque - Refugio Pineta (Valpineta);Glace;;1;valpineta.eu/fr/escaladedeglace/le-petit-cirque/;1314
1846;Camino de la Lera Sacos... cuidado... - Refugio Pineta;Actualité;Eté;0;valpineta.eu/camino-de-la-lera-sacos-cuidado/;
1854;Camino de la Lera Sacos... ¡Cuidado! - Refugio Pineta (Valpineta);Actualité;Eté;1;valpineta.eu/fr/camino-de-la-lera-sacos-cuidado/;1846
525;Little Princess - Refugio Pineta;Glace;;0;valpineta.eu/escaladedeglace/little-princess/;
1769;Little Princess - Refugio Pineta (Valpineta);Glace;;1;valpineta.eu/fr/escaladedeglace/little-princess/;525
1388;Longs cheveux - Refugio Pineta;Glace;;0;valpineta.eu/escaladedeglace/longs-cheveux/;
1508;Longs cheveux - Refugio Pineta (Valpineta);Glace;;1;valpineta.eu/fr/escaladedeglace/longs-cheveux/;1388
1153;Luces de Montaña - Refugio Pineta;Glace;;0;valpineta.eu/escaladedeglace/luces-de-montana/;
1204;Luces de Montaña - Refugio Pineta (Valpineta);Glace;;1;valpineta.eu/fr/escaladedeglace/luces-de-montana/;1153
2383;Mafalda - Refugio Pineta;Glace;;0;valpineta.eu/escaladedeglace/mafalda/;
2908;Mafalda - Refugio Pineta (Valpineta);Glace;;1;valpineta.eu/fr/escaladedeglace/mafalda/;2383
827;Océano Pacífico - Refugio Pineta;Glace;;0;valpineta.eu/escaladedeglace/oceano-pacifico/;
1257;Océano Pacífico - Refugio Pineta (Valpineta);Glace;;1;valpineta.eu/fr/escaladedeglace/oceano-pacifico/;827
976;Oparitxoa - Refugio Pineta;Glace;;0;valpineta.eu/escaladedeglace/oparitxoa/;
2063;Oparitxoa - Refugio Pineta (Valpineta);Glace;;1;valpineta.eu/fr/escaladedeglace/oparitxoa/;976
935;Pachamama - Refugio Pineta;Glace;;0;valpineta.eu/escaladedeglace/pachamama/;
1281;Pachamama - Refugio Pineta (Valpineta);Glace;;1;valpineta.eu/fr/escaladedeglace/pachamama/;935
215;Patcharan de Sebastián - Refugio Pineta;Glace;;0;valpineta.eu/escaladedeglace/patcharan-de-sebastian/;
1355;Patowice - Refugio Pineta;Glace;;0;valpineta.eu/escaladedeglace/patowice/;
1353;Patowice - Refugio Pineta (Valpineta);Glace;;1;valpineta.eu/fr/escaladedeglace/patowice/;1355
1034;Ponte el neopreno - Refugio Pineta;Glace;;0;valpineta.eu/escaladedeglace/ponte-el-neopreno/;
1212;Ponte el neopreno - Refugio Pineta (Valpineta);Glace;;1;valpineta.eu/fr/escaladedeglace/ponte-el-neopreno/;1034
182;Canyoning  - Refugio Pineta;Canyoning;;0;valpineta.eu/canyoning/;
244;Canyoning Archive - Refugio Pineta (Valpineta);Canyoning;;1;valpineta.eu/fr/canyoning/;182
47;Puerto Hurraco - Refugio Pineta;Glace;;0;valpineta.eu/escaladedeglace/puertohurraco/;
1714;Puerto Hurraco - Refugio Pineta (Valpineta);Glace;;1;valpineta.eu/fr/escaladedeglace/puertohurraco/;47
1237;Reivax el bàrbaro - Refugio Pineta;Glace;;0;valpineta.eu/escaladedeglace/reivax-el-barbaro/;
1192;Reivax el bàrbaro - Refugio Pineta (Valpineta);Glace;;1;valpineta.eu/fr/escaladedeglace/reivax-el-barbaro/;1237
1036;Resaltes del fondo - Refugio Pineta;Glace;;0;valpineta.eu/escaladedeglace/resaltes-del-fondo/;
1529;Ressauts du fond - Refugio Pineta (Valpineta);Glace;;1;valpineta.eu/fr/escaladedeglace/ressauts-fond/;1036
955;Resaltes superiores - Refugio Pineta;Glace;;0;valpineta.eu/escaladedeglace/resaltes-superiores/;
1531;Ressauts supérieurs - Refugio Pineta (Valpineta);Glace;;1;valpineta.eu/fr/escaladedeglace/ressauts-superieurs/;955
1159;Ruisseau de Catchet - Refugio Pineta;Glace;;0;valpineta.eu/escaladedeglace/ruisseau-de-catchet/;
1510;Ruisseau de Catchet - Refugio Pineta (Valpineta);Glace;;1;valpineta.eu/fr/escaladedeglace/ruisseau-de-catchet/;1159
968;Salcorz - Cascada dels Traidors - Refugio Pineta;Glace;;0;valpineta.eu/escaladedeglace/salcorz-cascada-dels-traidors/;
1076;Salcorz - Cascada dels Traidors - Refugio Pineta (Valpineta);Glace;;1;valpineta.eu/fr/escaladedeglace/salcorz-cascada-dels-traidors/;968
1407;Samper 15 - Refugio Pineta;Glace;;0;valpineta.eu/escaladedeglace/samper-15/;
542;Sandra - Refugio Pineta;Glace;;0;valpineta.eu/escaladedeglace/sandra/;
1300;Sandra - Refugio Pineta (Valpineta);Glace;;1;valpineta.eu/fr/escaladedeglace/sandra/;542
227;Barranco de la Sierra Pelada - Refugio Pineta;Canyoning;;0;valpineta.eu/canyoning/barranco-de-la-sierra-pelada/;
2042;Barranco de la Sierra Pelada - Refugio Pineta (Valpineta);Canyoning;;1;valpineta.eu/fr/canyoning/barranco-de-la-sierra-pelada/;227
714;Seminola - Refugio Pineta;Glace;;0;valpineta.eu/escaladedeglace/seminola/;
1261;Seminola - Refugio Pineta (Valpineta);Glace;;1;valpineta.eu/fr/escaladedeglace/seminola/;714
1241;Suspiro de Cristal - Refugio Pineta;Glace;;0;valpineta.eu/escaladedeglace/suspiro-de-cristal/;
1244;Suspiro de Cristal - Refugio Pineta (Valpineta);Glace;;1;valpineta.eu/fr/escaladedeglace/suspiro-de-cristal/;1241
544;Tei-Chi - Refugio Pineta;Glace;;0;valpineta.eu/escaladedeglace/tei-chi/;
1275;Tei-Chi - Refugio Pineta (Valpineta);Glace;;1;valpineta.eu/fr/escaladedeglace/tei-chi/;544
1157;Torrentera - Refugio Pineta;Glace;;0;valpineta.eu/escaladedeglace/torrentera/;
2061;Torrentera - Refugio Pineta (Valpineta);Glace;;1;valpineta.eu/fr/escaladedeglace/torrentera/;1157
502;Tracto Intestinal - Refugio Pineta;Glace;;0;valpineta.eu/escaladedeglace/tracto-intestinal/;
528;Trance Iniciático - Refugio Pineta;Glace;;0;valpineta.eu/escaladedeglace/trance-iniciatico/;
2911;Trance Iniciático - Refugio Pineta (Valpineta);Glace;;1;valpineta.eu/fr/escaladedeglace/trance-iniciatico/;528
125;Tres Marías - El mago de Pineta - Refugio Pineta;Glace;;0;valpineta.eu/escaladedeglace/tres-marias-el-mago-pineta/;
887;Tres Marías - El mago de Pineta - Refugio Pineta (Valpineta);Glace;;1;valpineta.eu/fr/escaladedeglace/tres-marias-el-mago-pineta/;125
520;Tres Marías - Helada Madrina - Refugio Pineta;Glace;;0;valpineta.eu/escaladedeglace/tres-marias-helada-madrina/;
313;Tres Marías - Helada Madrina - Refugio Pineta (Valpineta);Glace;;1;valpineta.eu/fr/escaladedeglace/tres-marias-helada-madrina/;520
798;Tres Marías - MaríaAjo - Refugio Pineta;Glace;;0;valpineta.eu/escaladedeglace/tres-marias-mariaajo/;
669;Tres Marías - MaríaAjo - Refugio Pineta (Valpineta);Glace;;1;valpineta.eu/fr/escaladedeglace/tres-marias-mariaajo/;798
516;Tres Marías - Millenium - Refugio Pineta;Glace;;0;valpineta.eu/escaladedeglace/tres-marias-millenium/;
2047;Tres Marías - Millenium - Refugio Pineta (Valpineta);Glace;;1;valpineta.eu/fr/escaladedeglace/tres-marias-millenium/;516
184;Barranco Foz de la Canal - Refugio Pineta;Canyoning;;0;valpineta.eu/canyoning/barranco-foz-de-la-canal/;
1137;Barranco Foz de la Canal - Refugio Pineta (Valpineta);Canyoning;;1;valpineta.eu/fr/canyoning/barranco-foz-de-la-canal/;184
172;Vermhout - Refugio Pineta;Glace;;0;valpineta.eu/escaladedeglace/vermhout/;
914;Vicki-Dyc - Refugio Pineta;Glace;;0;valpineta.eu/escaladedeglace/vicki-dyc/;
1344;Vicki-Dyc - Refugio Pineta (Valpineta);Glace;;1;valpineta.eu/fr/escaladedeglace/vicki-dyc/;914
1298;Vicky - Refugio Pineta;Glace;;0;valpineta.eu/escaladedeglace/vicky/;
869;XTR 16 soupapes - Refugio Pineta;Glace;;0;valpineta.eu/escaladedeglace/xtr-16-soupapes/;
1190;XTR 16 soupapes - Refugio Pineta (Valpineta);Glace;;1;valpineta.eu/fr/escaladedeglace/xtr-16-soupapes/;869
874;Yanomamis - Refugio Pineta;Glace;;0;valpineta.eu/escaladedeglace/yanomamis/;
2399;Yanomamis - Refugio Pineta (Valpineta);Glace;;1;valpineta.eu/fr/escaladedeglace/yanomamis/;874
386;Barranco Fuenblanca - Refugio Pineta;Canyoning;;0;valpineta.eu/canyoning/barranco-fuenblanca/;
1752;Barranco Fuenblanca - Refugio Pineta (Valpineta);Canyoning;;1;valpineta.eu/fr/canyoning/barranco-fuenblanca/;386
51;Excursions - Refugio Pineta;PageExcursion;;0;valpineta.eu/excursion/;
20;Excursions - Refugio Pineta (Valpineta);Excursion;;1;valpineta.eu/fr/excursion/;51
709;Circuito Liena - Las Pardas - Barrosa - Refugio Pineta;Excursion;;0;https://www.valpineta.eu/excursion/liena-pardas-barrosa/;
38;Los Astazus - Refugio Pineta;Excursion;;0;valpineta.eu/excursion/astazus/;
370;Les Astazous - Refugio Pineta (Valpineta);Excursion;;1;valpineta.eu/fr/excursion/astazous/;38
68;Balcón de Pineta - Ibón de Marboré - Refugio Pineta;Excursion;;0;valpineta.eu/excursion/balcon-de-pineta/;
225;Balcon de Pineta - Lac Marboré - Refugio Pineta (Valpineta);Excursion;;1;valpineta.eu/fr/excursion/balcon-de-pineta/;68
155;"""Camino de Kique"" - Refugio Pineta";Excursion;;0;valpineta.eu/excursion/camino-de-kique/;
276;"""Camino de Kique"" - Refugio Pineta (Valpineta)";Excursion;;1;valpineta.eu/fr/excursion/chemin-de-kique/;155
980;Cascada del Cinca, Cascadas de la Larri - Refugio Pineta;Excursion;;0;valpineta.eu/excursion/cascada-del-cinca-circuito-por-montaspro-larri/;
981;Cascade du Cinca, cascade de la Larri - Refugio Pineta (Valpineta);Excursion;;1;valpineta.eu/fr/excursion/cascada-del-cinca-circuito-por-montaspro-larri/;980
2875;¡25 años con vosotros! - Refugio Pineta;Actualité;25 Años;0;valpineta.eu/25-anos-con-vosotros/;
2914;25 ans avec vous ! - Refugio Pineta (Valpineta);Actualité;25 Años;1;valpineta.eu/fr/25-anos-con-vosotros/;2875
213;Barranco Murñez - Refugio Pineta;Canyoning;;0;valpineta.eu/canyoning/barranco-murnez/;
246;Barranco Murñez - Refugio Pineta (Valpineta);Canyoning;;1;valpineta.eu/fr/canyoning/barranco-murnez/;213
142;Chinipro - Refugio Pineta;Excursion;;0;valpineta.eu/excursion/chinipro/;
167;Chinipro - Refugio Pineta (Valpineta);Excursion;;1;valpineta.eu/fr/excursion/chinipro/;142
76;Chinipro, lagos de la Munia en circular - Refugio Pineta;Excursion;;0;valpineta.eu/excursion/chinipro-lagos-de-la-munia-circular/;
298;Chinipro, lacs de la Munia en circuit - Refugio Pineta (Valpineta);Excursion;;1;valpineta.eu/fr/excursion/chinipro-lacs-de-la-munia-en-circuit/;76
2095;Cilindro desde Pineta - Refugio Pineta;Excursion;;0;valpineta.eu/excursion/cilindro-desde-pineta/;
256;Petramula, Plana del Dué, Comodoto en circular - Refugio Pineta;Excursion;;0;valpineta.eu/excursion/circuito-comodoto-due-petramula/;
291;Petramula, Plana del Dué, Comodoto en circuit - Refugio Pineta (Valpineta);Excursion;;1;valpineta.eu/fr/excursion/circuit-comodoto-due-petramula/;256
2776;Circuito Picos de Espada y del Ibonet - Refugio Pineta;Excursion;;0;valpineta.eu/excursion/circuito-picos-de-espada-y-del-ibonet/;
2014;Circuito Salcorz por la HRP y el Puerto de Trigoniero - Refugio Pineta;Excursion;;0;valpineta.eu/excursion/circuito-salcorz-por-la-hrp-y-el-puerto-de-trigoniero/;
2494;Circuit Salcorz Moudang Tringonier - Refugio Pineta (Valpineta);Excursion;;1;valpineta.eu/fr/excursion/circuito-salcorz-por-la-hrp-y-el-puerto-de-trigoniero/;2014
565;Circular Puerto Viejo, Gabiedou, Fenás - Refugio Pineta;Excursion;;0;valpineta.eu/excursion/circular-puerto-viejo-gabiedou-fenars/;
568;Circular Puerto Viejo, Gabiedou, Fenás - Refugio Pineta (Valpineta);Excursion;;1;valpineta.eu/fr/excursion/circular-puerto-viejo-gabiedou-fenars/;565
113;Collado de Añisclo - Refugio Pineta;Excursion;;0;valpineta.eu/excursion/collado-de-anisclo/;
223;Col d’Añisclo - Refugio Pineta (Valpineta);Excursion;;1;valpineta.eu/fr/excursion/col-danisclo/;113
210;Barranco Prebón - Refugio Pineta;Canyoning;;0;valpineta.eu/canyoning/barranco-prebon/;
425;Barranco Prebón - Refugio Pineta (Valpineta);Canyoning;;1;valpineta.eu/fr/canyoning/barranco-prebon/;210
218;Comodoto, circular por la Sierra de Espierba y la pista de la Estiva - Refugio Pineta;Excursion;;0;valpineta.eu/excursion/comodoto-circular-por-la-pista-de-la-estiva/;
293;Comodoto, circuit par la Sierra de Espierba et la piste de la Estiva - Refugio Pineta (Valpineta);Excursion;;1;valpineta.eu/fr/excursion/comodoto-circuit-piste-estiva/;218
258;Petramula, Comodoto, Paso el Grau en circular - Refugio Pineta;Excursion;;0;valpineta.eu/excursion/comodoto-petramula-paso-el-grau-en-circular/;
295;Petramula, Comodoto, Paso el Grau en Circuit - Refugio Pineta (Valpineta);Excursion;;1;valpineta.eu/fr/excursion/comodoto-petramula-paso-el-grau-en-circular/;258
416;Crestas de las Blancas de la Larri en circular - Refugio Pineta;Excursion;;0;valpineta.eu/excursion/crestas-de-las-blancas-de-la-larri-en-circular/;
442;Crêtes du Pic Blanc de Troumouse en circuit - Refugio Pineta (Valpineta);Excursion;;1;valpineta.eu/fr/excursion/crestas-de-las-blancas-de-la-larri-en-circular/;416
1908;Crestas del túnel - Aiguillette - Forqueta - Bataillence - Refugio Pineta;Excursion;;0;valpineta.eu/excursion/crestas-del-tunel-aiguillette-forqueta-bataillence/;
1947;Crêtes du Tunnel- Aiguillette - Forqueta - Bataillence - Refugio Pineta (Valpineta);Excursion;;1;valpineta.eu/fr/excursion/crestas-del-tunel-aiguillette-forqueta-bataillence/;1908
1905;Crestas del Túnel de Bielsa: Aiguillettes-Forqueta - Refugio Pineta;Excursion;;0;valpineta.eu/excursion/crestas-del-tunel-de-bielsa-aiguillettes-forqueta/;
1958;Crêtes du Tunnel de Bielsa: Aiguillettes-Forqueta - Refugio Pineta (Valpineta);Excursion;;1;valpineta.eu/fr/excursion/crestas-del-tunel-de-bielsa-aiguillettes-forqueta/;1905
576;Cuezo, ida y vuelta desde el embalse de Pineta - Refugio Pineta;Excursion;;0;valpineta.eu/excursion/cuezo-ida-y-vuelta-desde-el-embalse-de-pineta/;
573;Cuezo, ida y vuelta desde el embalse de Pineta - Refugio Pineta (Valpineta);Excursion;;1;valpineta.eu/fr/excursion/cuezo-ida-y-vuelta-desde-el-embalse-de-pineta/;576
284;De Espierba a Petramula en circular - Refugio Pineta;Excursion;;0;valpineta.eu/excursion/de-espierba-a-petramula-en-circular/;
1582;Espierba Petramula en circuit - Refugio Pineta (Valpineta);Excursion;;1;valpineta.eu/fr/excursion/de-espierba-a-petramula-en-circular/;284
123;Barranco Salcorz - Refugio Pineta;Canyoning;;0;valpineta.eu/canyoning/barranco-salcorz/;
340;Barranco Salcorz - Refugio Pineta (Valpineta);Canyoning;;1;valpineta.eu/fr/canyoning/barranco-salcorz/;123
1612;Desde el Maillet hasta Espuguette por las Gloriettes y el Pain de Sucre - Refugio Pineta;Excursion;;0;valpineta.eu/excursion/desde-el-maillet-hasta-espuguette-por-las-gloriettes-y-el-pain-de-sucre/;
1663;Desde el Maillet hasta Espuguettes por las Gloriettes y el Pain de Sucre - Refugio Pineta (Valpineta);Excursion;;1;valpineta.eu/fr/excursion/desde-el-maillet-hasta-espuguette-por-las-gloriettes-y-el-pain-de-sucre/;1612
2513;El molino de la Sarra - Refugio Pineta;Actualité;Eté;0;valpineta.eu/excursion/el-molino-de-la-sarra/;
2530;Le moulin de la Sarra - Refugio Pineta (Valpineta);Actualité;Eté;1;valpineta.eu/fr/excursion/el-molino-de-la-sarra/;2513
628;Embalse de Pineta – Cuezo – Comodoto – Pradera - Refugio Pineta;Excursion;;0;valpineta.eu/excursion/embalse-de-pineta-cuezo-comodoto-pradera/;
1678;Barrage de Pineta – Cuezo – Comodoto – Pradera - Refugio Pineta (Valpineta);Excursion;;1;valpineta.eu/fr/excursion/embalse-de-pineta-cuezo-comodoto-pradera/;628
612;Embalse de Pineta - Cuezo - Refugio - Refugio Pineta;Excursion;;0;valpineta.eu/excursion/embalse-de-pineta-cuezo-refugio/;
623;Barrage de Pineta - Cuezo - Refuge - Refugio Pineta (Valpineta);Excursion;;1;valpineta.eu/fr/excursion/embalse-de-pineta-cuezo-refugio/;612
722;Faja del Maqui - Refugio Pineta;Excursion;;0;valpineta.eu/excursion/faja-del-maqui/;
749;Faja del Maqui - Refugio Pineta (Valpineta);Excursion;;1;valpineta.eu/fr/excursion/faja-del-maqui/;722
162;Faja de Tormosa - Refugio Pineta;Excursion;;0;valpineta.eu/excursion/faja-de-tormosa/;
78;Faja (Vire) de Tormosa - Refugio Pineta (Valpineta);Excursion;;1;valpineta.eu/fr/excursion/faja-vire-de-tormosa/;162
704;Faja Montinier Añisclo - Refugio Pineta;Excursion;;0;valpineta.eu/excursion/faja-montinier-anisclo/;
745;Vire Montinier Añisclo - Refugio Pineta (Valpineta);Excursion;;1;valpineta.eu/fr/excursion/faja-montinier-anisclo/;704
2735;Ibón de Trigoniero - Refugio Pineta;Excursion;;0;valpineta.eu/excursion/ibon-de-trigoniero/;
2760;Lac de Trigoniero - Refugio Pineta (Valpineta);Excursion;Eté;1;valpineta.eu/fr/excursion/ibon-de-trigoniero/;2735
2770;Ibones de Mener - Refugio Pineta;Excursion;Eté;0;valpineta.eu/excursion/ibones-de-mener/;
2808;Ibones de Mener - Refugio Pineta (Valpineta);Excursion;;1;valpineta.eu/fr/excursion/ibones-de-mener/;2770
133;Barranco Trigoniero - Refugio Pineta;Canyoning;;0;valpineta.eu/canyoning/barranco-trigoniero/;
351;Barranco Trigoniero - Refugio Pineta (Valpineta);Canyoning;;1;valpineta.eu/fr/canyoning/barranco-trigoniero/;133
136;Lagos de la Munia en circular - Refugio Pineta;Excursion;;0;valpineta.eu/excursion/lagos-munia-circular/;
402;Lacs de la Munia en circuit - Refugio Pineta (Valpineta);Excursion;;1;valpineta.eu/fr/excursion/lacs-de-la-munia-en-circuit/;136
40;La Munia, circular desde el refugio - Refugio Pineta;Excursion;;0;valpineta.eu/excursion/la-munia-circular-refugio/;
178;La Munia en circuit depuis le refuge - Refugio Pineta (Valpineta);Excursion;;1;valpineta.eu/fr/excursion/la-munia-en-circuit-depuis-le-refuge/;40
272;la Pradera de Pineta - Refugio Pineta;Excursion;;0;valpineta.eu/excursion/la-pradera-de-pineta/;
24;la Pradera de Pineta - Refugio Pineta (Valpineta);Excursion;;1;valpineta.eu/fr/excursion/la-pradera-de-pineta/;272
636;La Robiñera desde Petramula - Refugio Pineta;Excursion;;0;valpineta.eu/excursion/la-robinera-desde-petramula/;
34;Las Blancas desde Petramula - Refugio Pineta;Excursion;;0;valpineta.eu/excursion/las-blancas-desde-petramula/;
584;Las Blancas depuis Petramula - Refugio Pineta (Valpineta);Excursion;;1;valpineta.eu/fr/excursion/las-blancas-desde-petramula/;34
121;Las Tres Marías, circular - Refugio Pineta;Excursion;;0;valpineta.eu/excursion/las-tres-marias-circular/;
44;Las Tres Marías, en circuit - Refugio Pineta (Valpineta);Excursion;;1;valpineta.eu/fr/excursion/las-tres-marias-circuit/;121
724;Chorro de Pinarra - Refugio Pineta;Canyoning;;0;valpineta.eu/canyoning/chorro-de-pinarra/;
2602;Chorro de Pinarra - Refugio Pineta (Valpineta);Canyoning;;1;valpineta.eu/fr/canyoning/chorro-de-pinarra/;724
138;Las Tres Marías - Zuca Roncha - Refugio Pineta;Excursion;;0;valpineta.eu/excursion/las-tres-marias-zuca-roncha/;
323;Las Tres Marías - Zuca Roncha - Refugio Pineta (Valpineta);Excursion;;1;valpineta.eu/fr/excursion/las-tres-marias-zuca-roncha/;138
1818;La Suca por el collado de Añisclo - Refugio Pineta;Excursion;;0;valpineta.eu/excursion/la-suca-por-el-collado-de-anisclo/;
153;Lera Sacos - Refugio Pineta;Excursion;;0;valpineta.eu/excursion/lera-de-sacos/;
407;Lera Sacos - Refugio Pineta (Valpineta);Excursion;;1;valpineta.eu/fr/excursion/lera-de-sacos/;153
53;Las crestas Montinier-Suca - Refugio Pineta;Excursion;;0;valpineta.eu/excursion/las-crestas-montinier-suca/;
194;Les crêtes Montinier-Suca - Refugio Pineta (Valpineta);Excursion;;1;valpineta.eu/fr/excursion/les-cretes-montinier-suca/;53
36;Llanos de la Larri - Camino de las Cascadas - Refugio Pineta;Excursion;;0;valpineta.eu/excursion/llanos-de-la-larri-camino-de-las-cascadas/;
26;Llanos de la Larri - Camino de las Cascadas - Refugio Pineta (Valpineta);Excursion;;1;valpineta.eu/fr/excursion/llanos-de-la-larri-camino-de-las-cascadas/;36
2879;Mirador de la Lera Sacos - Refugio Pineta;Excursion;;0;valpineta.eu/excursion/mirador-de-la-lera-sacos/;
2896;Mirador de la Lera Sacos - Refugio Pineta (Valpineta);Excursion;;1;valpineta.eu/fr/excursion/mirador-de-la-lera-sacos/;2879
94;Monte Perdido por Añisclo - Refugio Pineta;Excursion;;0;valpineta.eu/excursion/monte-perdido-anisclo/;
58;Mont Perdu par Añisclo - Refugio Pineta (Valpineta);Excursion;;1;valpineta.eu/fr/excursion/mont-perdu-par-anisclo/;94
388;Garganta Chisagües - Refugio Pineta;Canyoning;;0;valpineta.eu/canyoning/garganta-chisagues/;
695;Garganta Chisagües - Refugio Pineta (Valpineta);Canyoning;;1;valpineta.eu/fr/canyoning/garganta-chisagues/;388
88;Monte Perdido, directo por las terrazas - Refugio Pineta;Excursion;;0;valpineta.eu/excursion/monte-perdido-directo-terrazas/;
105;Mont Perdu, direct par les terrasses - Refugio Pineta (Valpineta);Excursion;;1;valpineta.eu/fr/excursion/mont-perdu-direct-terrasses/;88
648;Montinier - Plana Canal por las crestas - Refugio Pineta;Excursion;;0;valpineta.eu/excursion/montinier-plana-canal-por-las-crestas/;
85;Monte Perdido, circular por Añisclo y el Balcón - Refugio Pineta;Excursion;;0;valpineta.eu/excursion/monte-perdido-circular-anisclo-balcon/;
149;Mont Perdu en circuit par Añisclo et le Balcon - Refugio Pineta (Valpineta);Excursion;;1;valpineta.eu/fr/excursion/mont-perdu-en-circuit-par-anisclo-et-le-balcon/;85
591;Excursions Archive - Página 2 de 2 - Refugio Pineta;PageExcursion;;0;valpineta.eu/excursion/page/2/;
652;Pastos de la Estiva - Refugio Pineta;Excursion;;0;valpineta.eu/excursion/pastos-de-la-estiva/;
468;Pastos de Montinier - Refugio Pineta;Excursion;;0;valpineta.eu/excursion/pastos-de-montinier/;
2673;Pico de Barrosa - Refugio Pineta;Excursion;;0;valpineta.eu/excursion/pico-de-barrosa/;
2689;Pic de Barrosa en circuit par Mallo Ruego - Refugio Pineta (Valpineta);Excursion;;1;valpineta.eu/fr/excursion/pico-de-barrosa/;2673
409;Garganta de Barrosa - Refugio Pineta;Canyoning;;0;valpineta.eu/canyoning/garganta-de-barrosa/;
2039;Garganta de Barrosa - Refugio Pineta (Valpineta);Canyoning;;1;valpineta.eu/fr/canyoning/garganta-de-barrosa/;409
254;Pico de Comodoto en circular desde el refugio - Refugio Pineta;Excursion;;0;valpineta.eu/excursion/pico-de-comodoto-circular-desde-el-refugio/;
252;Pico de Comodoto en circuit depuis le refuge - Refugio Pineta (Valpineta);Excursion;;1;valpineta.eu/fr/excursion/pico-de-comodoto-en-circuit-depuis-le-refuge/;254
2733;Pico del Ibonet desde Trigoniero - Refugio Pineta;Excursion;;0;valpineta.eu/excursion/pico-del-ibonet-desde-trigoniero/;
2778;Pico Espada en circuito - Refugio Pineta;Excursion;;0;valpineta.eu/excursion/pico-espada-en-circuito/;
2810;Pico Espada en circuito - Refugio Pineta (Valpineta);Excursion;;1;valpineta.eu/fr/excursion/pico-espada-en-circuito/;2778
2772;Pico Mener - Refugio Pineta;Excursion;Eté;0;valpineta.eu/excursion/pico-mener/;
2803;Pic Mener - Refugio Pineta (Valpineta);Excursion;;1;valpineta.eu/fr/excursion/pico-mener/;2772
634;Pico Pineta - Refugio Pineta;Excursion;;0;valpineta.eu/excursion/pico-pineta/;
1674;Pic de Pinède - Refugio Pineta (Valpineta);Excursion;;1;valpineta.eu/fr/excursion/pico-pineta/;634
286;Pineta - Bielsa - Refugio Pineta;Excursion;;0;valpineta.eu/excursion/pineta-bielsa/;
28;Pineta-Bielsa - Refugio Pineta (Valpineta);Excursion;;1;valpineta.eu/fr/excursion/pineta-bielsa/;286
1659;Pineta - Maillet - Espuguettes - Pineta - Refugio Pineta;Excursion;;0;valpineta.eu/excursion/pineta-maillet-espuguettes-pineta/;
1669;Pineta - Maillet - Espuguettes - Pineta - Refugio Pineta (Valpineta);Excursion;;1;valpineta.eu/fr/excursion/pineta-maillet-espuguettes-pineta/;1659
140;Puerto Nuevo de Pineta - Tucarroya - Refugio Pineta;Excursion;;0;valpineta.eu/excursion/puerto-nuevo-pineta-tucarroya/;
61;Port Neuf de Pinède - Tuquerouye - Refugio Pineta (Valpineta);Excursion;;1;valpineta.eu/fr/excursion/port-neuf-de-pinede-tuquerouye/;140
404;Pinarra inf. - Refugio Pineta;Canyoning;;0;valpineta.eu/canyoning/pinarra-inf/;
1800;Pinarra inf. - Refugio Pineta (Valpineta);Canyoning;;1;valpineta.eu/fr/canyoning/pinarra-inf/;404
427;Puerto de Fenars o Port de la Canau - Refugio Pineta;Excursion;;0;valpineta.eu/excursion/puerto-de-fenars-o-port-de-la-canau/;
445;Puerto de Fenars - Port de la Canau - Refugio Pineta (Valpineta);Excursion;;1;valpineta.eu/fr/excursion/puerto-de-fenars-o-port-de-la-canau/;427
1914;Puerto y Pico de Salcorz - Refugio Pineta;Excursion;;0;valpineta.eu/excursion/puerto-y-pico-de-salcorz/;
1951;Port y Pic de Salcorz - Refugio Pineta (Valpineta);Excursion;;1;valpineta.eu/fr/excursion/puerto-y-pico-de-salcorz/;1914
1617;Refuge des Espuguettes - Refugio de Pineta - Refugio Pineta;Excursion;;0;valpineta.eu/excursion/refuge-des-espuguettes-refugio-de-pineta/;
1652;Refuge des Espuguettes - Refugio de Pineta - Refugio Pineta (Valpineta);Excursion;;1;valpineta.eu/fr/excursion/refuge-des-espuguettes-refugio-de-pineta/;1617
1615;Refugio de Pineta - Auberge du Maillet - Refugio Pineta;Excursion;;0;valpineta.eu/excursion/refugio-de-pineta-auberge-du-maillet/;
1647;Refugio de Pineta - Auberge du Maillet - Refugio Pineta (Valpineta);Excursion;;1;valpineta.eu/fr/excursion/refugio-de-pineta-auberge-du-maillet/;1615
1477;Soum de Ramond o Pico de Añisclo - Refugio Pineta;Excursion;;0;valpineta.eu/excursion/soum-de-ramond-o-pico-de-anisclo/;
1597;Soum de Ramond o Pico de Añisclo - Refugio Pineta (Valpineta);Excursion;;1;valpineta.eu/fr/excursion/soum-de-ramond-o-pico-de-anisclo/;1477
431;Tormacal - Refugio Pineta;Excursion;;0;valpineta.eu/excursion/tormacal/;
448;Tormacal - Refugio Pineta (Valpineta);Excursion;;1;valpineta.eu/fr/excursion/tormacal/;431
229;Pinarra Sup. - Refugio Pineta;Canyoning;;0;valpineta.eu/canyoning/pinarra-sup/;
1993;Pinarra Sup. - Refugio Pineta (Valpineta);Canyoning;;1;valpineta.eu/fr/canyoning/pinarra-sup/;229
2676;Vuelta del circo de Barrosa - Refugio Pineta;Excursion;;0;valpineta.eu/excursion/vuelta-del-circo-de-barrosa/;
2686;Tour du cirque de Barrosa - Refugio Pineta (Valpineta);Excursion;;1;valpineta.eu/fr/excursion/vuelta-del-circo-de-barrosa/;2676
99;Vuelta del circo de Pineta - Refugio Pineta;Excursion;;0;valpineta.eu/excursion/vuelta-del-circo-de-pineta/;
330;Tour du cirque de Pineta - Refugio Pineta (Valpineta);Excursion;;1;valpineta.eu/fr/excursion/vuelta-del-circo-de-pineta/;99
1912;Vuelta Pico Puerto Viejo - Picos Barrosa - Refugio Pineta;Excursion;;0;valpineta.eu/excursion/vuelta-pico-puerto-viejo-picos-barrosa/;
1952;Pic Port Vieux - Pics Barrosa - Refugio Pineta (Valpineta);Excursion;;1;valpineta.eu/fr/excursion/vuelta-pico-puerto-viejo-picos-barrosa/;1912
707;Fajas salvajes... - Refugio Pineta;Actualité;Eté;0;valpineta.eu/fajas-salvajes/;
738;Fajas salvajes... - Refugio Pineta (Valpineta);Actualité;Eté;1;valpineta.eu/fr/fajas-salvajes/;707
1780;Fiesta de las flores - Refugio Pineta;Actualité;Eté;0;valpineta.eu/fiestaflores/;
1794;Fiesta de las flores - Refugio Pineta (Valpineta);Actualité;Eté;1;valpineta.eu/fr/fiestaflores/;1780
1557;Frontera... Frontière - Refugio Pineta;Actualité;Neige;0;valpineta.eu/frontera/;
1643;Frontera... Frontière - Refugio Pineta (Valpineta);Actualité;Neige;1;valpineta.eu/fr/frontera/;1557
1629;El puerto de Fenás y una bonita vuelta de tres días... - Refugio Pineta;Actualité;Neige;0;valpineta.eu/frontera-frontiere-2/;
1645;Pineta ... Maillet ... Espuguettes ... Pineta - Refugio Pineta (Valpineta);Actualité;Eté;1;valpineta.eu/fr/frontera-frontiere-2/;1629
2184;fubillons - Refugio Pineta;Actualité;Neige;0;valpineta.eu/fubillons/;
2233;Après la neige et les tempêtes, le soleil... - Refugio Pineta (Valpineta);Actualité;Neige;1;valpineta.eu/fr/fubillons/;2184
2288;El hielo contraataca - Refugio Pineta;Actualité;Glace;0;valpineta.eu/hielo_contraataca/;
2286;La glace contrattaque - Refugio Pineta (Valpineta);Actualité;Glace;1;valpineta.eu/fr/hielo_contraataca/;2288
2278;Impaciencia - Refugio Pineta;Glace;;0;valpineta.eu/impaciencia/;
2658;La faja de Tormosa de nuevo abierta - Refugio Pineta;Actualité;Eté;0;valpineta.eu/la-faja-de-tormosa-de-nuevo-abierta/;
2663;La faja de Tormosa de nuevo abierta - Refugio Pineta (Valpineta);Actualité;Eté;1;valpineta.eu/fr/la-faja-de-tormosa-de-nuevo-abierta/;2658
1553;La frontera... - Refugio Pineta;Actualité;Neige;0;valpineta.eu/la-frontera/;
1964;"La Lera Sacos con raquetas. Siempre &quot;La lera&quot;. 16 11 19. - Refugio Pineta";Actualité;Neige;0;valpineta.eu/la-lera-sacos-con-raquetas-siempre-la-lera-16-11-19/;
2837;Nueva vía en la pequeña escuela de la Enclusa - Refugio Pineta;Actualité;Eté;0;valpineta.eu/la-pequena-escuela-de-la-enclusa/;
221;Las crestas Montinier-Suca, un viaje dentro del paisaje - Refugio Pineta;Actualité;Eté;0;valpineta.eu/las-crestas-montinier-suca-un-viaje-dentro-del-paisaje/;
115;Les crêtes Montinier-Suca, un voyage dans le paysage - Refugio Pineta (Valpineta);Actualité;Eté;1;valpineta.eu/fr/las-crestas-montinier-suca-un-viaje-dentro-del-paisaje/;221
326;Las Marías, la cara oscura... - Refugio Pineta;Actualité;Eté;0;valpineta.eu/las-marias/;
345;Les Trois Maries, le côté obscur... - Refugio Pineta (Valpineta);Actualité;Eté;1;valpineta.eu/fr/las-marias/;326
1080;Las Verdes y Las Marias ... - Refugio Pineta;Actualité;Glace;0;valpineta.eu/las-verdes-y-las-marias-desde-diera/;
1304;La temporada empezo... - Refugio Pineta;Actualité;Neige;0;valpineta.eu/la-temporada-empezo/;
2263;Lenquo de Capo - Refugio Pineta (Valpineta);Actualité;Neige;1;valpineta.eu/fr/lenquo-de-capo/;
851;Lenquo de Capo, primavera en febrero... - Refugio Pineta;Actualité;Neige;0;valpineta.eu/lenquo-de-capo-primavera-en-febrero/;
1430;Liena, otra vez... - Refugio Pineta;Actualité;Neige;0;valpineta.eu/liena-otra-vez/;
863;"Las excursiones ""Clásicas"" de Pineta - Refugio Pineta";Actualité;Eté;0;valpineta.eu/los-clasicos-de-pineta/;
880;"Les excursions ""classiques"" de Pineta - Refugio Pineta (Valpineta)";Actualité;Eté;1;valpineta.eu/fr/los-clasicos-de-pineta/;863
2436;La montaña vestida de playa - Refugio Pineta;Actualité;Neige;0;valpineta.eu/montana-playa/;
2445;La montagne vêtue de plage - Refugio Pineta (Valpineta);Actualité;Neige;1;valpineta.eu/fr/montana-playa/;2436
1916;Mugas... - Refugio Pineta;Actualité;Eté;0;valpineta.eu/mugas/;
1942;Mugas... - Refugio Pineta (Valpineta);Actualité;Eté;1;valpineta.eu/fr/mugas/;1916
2149;Nieve en el tunel... - Refugio Pineta;Actualité;Neige;0;valpineta.eu/nieve-en-el-tunel/;
1110;¡Pineta siempre diferente! - Refugio Pineta;Actualité;Neige;0;valpineta.eu/nieve-en-pineta/;
1415;Nueva via de hielo en Ordiceto - Refugio Pineta;Actualité;Glace;0;valpineta.eu/nueva-via-de-hielo-en-ordiceto/;
1820;Nunca fui a la Suca... - Refugio Pineta;Actualité;Eté;0;valpineta.eu/nunca-fui-a-la-suca/;
1832;Nunca fui a la Suca... - Refugio Pineta (Valpineta);Actualité;Eté;1;valpineta.eu/fr/nunca-fui-a-la-suca/;1820
991;Panorama desde Comodoto - Refugio Pineta;Actualité;Eté;0;valpineta.eu/panorama-desde-comodoto/;
159;El Chinipro... entre dos aguas - Refugio Pineta;Actualité;Eté;0;valpineta.eu/para-preparar-el-verano-una-montana-poco-frecuentada-el-chinipro/;
399;Le Chinipro... entre deux eaux - Refugio Pineta (Valpineta);Actualité;Eté;1;valpineta.eu/fr/para-preparar-el-verano-una-montana-poco-frecuentada-el-chinipro/;159
1891;Pequeño lifting... - Refugio Pineta;Actualité;Eté;0;valpineta.eu/pequeno-lifting/;
1899;Petit lifting... - Refugio Pineta (Valpineta);Actualité;Eté;1;valpineta.eu/fr/pequeno-lifting/;1891
1932;Pico Barrosa... un camino perdido... - Refugio Pineta;Actualité;Eté;0;valpineta.eu/pico-barrosa-un-camino-perdido/;
1959;Pic de Barrosa, à la recherche du chemin perdu... - Refugio Pineta (Valpineta);Actualité;Eté;1;valpineta.eu/fr/pico-barrosa-un-camino-perdido/;1932
882;Picos del Balcón: los Astazus y el Pico de Pineta - Refugio Pineta;Actualité;Eté;0;valpineta.eu/picos-del-balcon-y-de-la-barandilla-los-astazus-y-el-pico-de-pineta/;
1097;Pics du Balcon : less Astazous y le Pic de Pineta - Refugio Pineta (Valpineta);Actualité;Eté;1;valpineta.eu/fr/picos-del-balcon-y-de-la-barandilla-los-astazus-y-el-pico-de-pineta/;882
3;Politique de confidentialité - Refugio Pineta;PagePolitiqueConfidentialité;;0;valpineta.eu/politique-de-confidentialite/;
6;Politique de confidentialité - Refugio Pineta (Valpineta);PagePolitiqueConfidentialité;;1;valpineta.eu/fr/politique-de-confidentialite/;3
2322;¡Por fin se acercan a las Marías! - Refugio Pineta;Actualité;Glace;0;valpineta.eu/por-fin-se-acercan-a-las-marias/;
2499;Primera mundial, porompompom - Refugio Pineta;Actualité;Neige;0;valpineta.eu/primera-mundial-porompompom/;
2510;Première mondiale, porompompom - Refugio Pineta (Valpineta);Actualité;Neige;1;valpineta.eu/fr/primera-mundial-porompompom/;2499
2152;Primeros copos - Refugio Pineta;Actualité;Neige;0;valpineta.eu/primeros-copos/;
433;Puerto de Fenars, un camino de ayer para mañana… - Refugio Pineta;Actualité;Eté;0;valpineta.eu/puerto-de-fenars-un-camino-de-ayer-para-manana/;
676;Punta Chinipro - Refugio Pineta;Actualité;Eté;0;valpineta.eu/punta-chinipro/;
1103;Los Guertos por Chisagues. - Refugio Pineta;Actualité;Neige;0;valpineta.eu/punta-los-guertos-por-chisagues/;
2412;¿Que hacemos con este tiempo? - Refugio Pineta;Actualité;Neige;0;valpineta.eu/que-hacemos-con-este-tiempo/;
2422;Que faire avec ce temps ? - Refugio Pineta (Valpineta);Actualité;Neige;1;valpineta.eu/fr/que-hacemos-con-este-tiempo/;2412
2010;Salcorz-Moudang-Trigoniero - Refugio Pineta;Actualité;Eté;0;valpineta.eu/salcorz-moudang-trigoniero/;
2027;Salcorz-Moudang-Trigoniero - Refugio Pineta (Valpineta);Actualité;Eté;1;valpineta.eu/fr/salcorz-moudang-trigoniero/;2010
144;Saliendo del refugio por caminos singulares - Refugio Pineta;Actualité;Eté;0;valpineta.eu/saliendo-del-refugio-por-caminos-especiales/;
157;Sortant du refuge par des chemins singuliers... - Refugio Pineta (Valpineta);Actualité;Eté;1;valpineta.eu/fr/saliendo-del-refugio-por-caminos-especiales/;144
2127;Se acerca el invierno - Refugio Pineta;Actualité;Neige;0;valpineta.eu/se-acerca-el-invierno/;
2326;¡Se acercan a las Marías! - Refugio Pineta;Actualité;Glace;0;valpineta.eu/se-acercan-a-las-marias/;
2616;Se adelanta el verano - Refugio Pineta (Valpineta);Actualité;Eté;1;valpineta.eu/fr/seadelantaelverano/;
2705;¡Se está cayendo! - Refugio Pineta;Actualité;Eté;0;valpineta.eu/se-esta-cayendo/;
2709;Il tombe ! - Refugio Pineta (Valpineta);Actualité;Eté;1;valpineta.eu/fr/se-esta-cayendo/;2705
240;Esquí de fondo - Esquí de pista - Refugio Pineta;PageSkiFondPiste;;0;valpineta.eu/esqui-fondo-pista/;
854;Ski de fond - Ski de piste - Refugio Pineta (Valpineta);PageSkiFondPiste;;1;valpineta.eu/fr/ski-de-fond-et-de-piste/;240
236;Esquí de travesía - Raquetas - Refugio Pineta;PageSkiRaquette;;0;valpineta.eu/esqui-de-travesia-raquetas/;
697;Ski de Rando - Raquettes - Refugio Pineta (Valpineta);PageSkiRaquette;;1;valpineta.eu/fr/ski-de-rando-raquettes/;236
604;Ski Rando-Raquettes Archive - Refugio Pineta;Ski;;0;valpineta.eu/skirandoraquette/;
2464;Ski Rando-Raquettes Archive - Refugio Pineta (Valpineta);Ski;;1;valpineta.eu/fr/skirandoraquette/;604
366;Pico del Chinipro por el valle del Real - Refugio Pineta;Ski;;0;valpineta.eu/skirandoraquette/chinipro-por-el-valle-del-real/;
2135;Pico del Chinipro por el valle del Real - Refugio Pineta (Valpineta);Ski;;1;valpineta.eu/fr/skirandoraquette/chinipro-por-el-valle-del-real/;366
203;Comodoto desde Espierba - Refugio Pineta;Ski;;0;valpineta.eu/skirandoraquette/comodoto/;
111;Comodoto depuis Espierba - Refugio Pineta (Valpineta);Ski;;1;valpineta.eu/fr/skirandoraquette/comodoto/;203
1172;El Cuezo depuis Espierba - Refugio Pineta (Valpineta);Ski;;1;valpineta.eu/fr/skirandoraquette/el-cuezo-desde-espierba/;1011
1002;El Cuezo des de Espierba - Refugio Pineta;Ski;;0;valpineta.eu/skirandoraquette/el-cuezo-des-de-espierba/;
320;Espluca Ruego - Refugio Pineta;Ski;;0;valpineta.eu/skirandoraquette/espluca-ruego/;
795;Espluca Ruego - Refugio Pineta (Valpineta);Ski;;1;valpineta.eu/fr/skirandoraquette/espluca-ruego/;320
332;La Munia desde el valle del Real - Refugio Pineta;Ski;;0;valpineta.eu/skirandoraquette/la-munia-desde-el-valle-del-real/;
639;La Munia desde el valle del Real - Refugio Pineta (Valpineta);Ski;;1;valpineta.eu/fr/skirandoraquette/la-munia-desde-el-valle-del-real/;332
362;La Robiñera - Refugio Pineta;Ski;;0;valpineta.eu/skirandoraquette/la-robinera/;
678;La Robiñera - Refugio Pineta (Valpineta);Ski;;1;valpineta.eu/fr/skirandoraquette/la-robinera/;362
35;Las Blancas desde Petramula (ski) - Refugio Pineta;Ski;;0;valpineta.eu/skirandoraquette/las-blancas-desde-petramula/;
1446;Las Blancas desde Petramula - Refugio Pineta (Valpineta);Ski;;1;valpineta.eu/fr/skirandoraquette/las-blancas-desde-petramula/;35
1311;Lenquo de Capo - Refugio Pineta;Actualité;Neige;0;valpineta.eu/skirandoraquette/lenquo-de-capo/;
1046;Morron de Sobresplucas - Refugio Pineta;Ski;;0;valpineta.eu/skirandoraquette/morron-de-sobresplucas/;
1444;Morron de Sobresplucas - Refugio Pineta (Valpineta);Ski;;1;valpineta.eu/fr/skirandoraquette/morron-de-sobresplucas/;1046
347;Pico de Augas - Refugio Pineta;Ski;;0;valpineta.eu/skirandoraquette/pico-augas/;
1458;Pico de Augas - Refugio Pineta (Valpineta);Ski;;1;valpineta.eu/fr/skirandoraquette/pico-augas/;347
372;Pic Bataillence - Refugio Pineta (Valpineta);Ski;;1;valpineta.eu/fr/skirandoraquette/pico-bataillence/;353
353;Pico Batallenza - Refugio Pineta;Ski;;0;valpineta.eu/skirandoraquette/pico-batallenza/;
117;Pico de Aiguillette desde la Boca Norte del Túnel - Refugio Pineta;Ski;;0;valpineta.eu/skirandoraquette/pico-de-aiguillette/;
1383;Pico de Barrosa por Barrosa - Refugio Pineta;Ski;;0;valpineta.eu/skirandoraquette/pico-de-barrosa-por-barrosa/;
1294;Pico de Barrosa por la Pinarra - Refugio Pineta;Ski;;0;valpineta.eu/skirandoraquette/pico-de-barrosa-por-la-pinarra/;
1043;Pico del Falso Batallenza - Refugio Pineta;Ski;;0;valpineta.eu/skirandoraquette/pico-del-falso-batallenza/;
1722;"""Faux"" Bataillence - Refugio Pineta (Valpineta)";Ski;;1;valpineta.eu/fr/skirandoraquette/faux-batailence/;1043
349;Pico de Puerto Viejo - Refugio Pineta;Ski;;0;valpineta.eu/skirandoraquette/pico-de-puerto-viejo/;
667;Pico de Puerto Viejo - Refugio Pineta (Valpineta);Ski;;1;valpineta.eu/fr/skirandoraquette/pico-de-puerto-viejo/;349
250;Pico Marioules - Forqueta por la boca norte del Túnel - Refugio Pineta;Ski;;0;valpineta.eu/skirandoraquette/pico-marioules-forqueta-por-la-boca-norte-del-tunel/;
885;Chinipro, Robiñera, Munia y Blancas - Refugio Pineta;Actualité;Eté;0;valpineta.eu/chinipro-robinera-muna-y-blancas/;
1099;Chinipro, Robiñera, Munia et Blancas - Refugio Pineta (Valpineta);Actualité;Eté;1;valpineta.eu/fr/chinipro-robinera-muna-y-blancas/;885
1052;Pico Marioules – Forqueta por la boca sur del Túnel - Refugio Pineta;Ski;;0;valpineta.eu/skirandoraquette/pico-marioules-forqueta-por-la-boca-sur-del-tunel/;
1548;Puerto de la Canau (Fenas) desde Troumouse - Refugio Pineta;Ski;;0;valpineta.eu/skirandoraquette/puerto-de-la-canau-fenas-desde-troumouse/;
1049;Punta de Liena desde el valle del Real - Refugio Pineta;Ski;;0;valpineta.eu/skirandoraquette/punta-de-liena-desde-el-valle-del-real/;
1143;Punta de Liena desde el valle del Real - Refugio Pineta (Valpineta);Ski;;1;valpineta.eu/fr/skirandoraquette/punta-de-liena-desde-el-valle-del-real/;1049
395;Punta el Güerto - Refugio Pineta;Ski;;0;valpineta.eu/skirandoraquette/punta-el-guerto/;
1442;Punta el Güerto - Refugio Pineta (Valpineta);Ski;;1;valpineta.eu/fr/skirandoraquette/punta-el-guerto/;395
772;Sierra de Fubillons - Refugio Pineta;Ski;;0;valpineta.eu/skirandoraquette/sierra-de-fubillons/;
1448;Sierra de Fubillons - Refugio Pineta (Valpineta);Ski;;1;valpineta.eu/fr/skirandoraquette/sierra-de-fubillons/;772
2564;Primavera, temporada de Norte - Refugio Pineta;Actualité;Glace;0;valpineta.eu/temporada-de-norte/;
2576;Le Printemps, saison de la face Nord - Refugio Pineta (Valpineta);Actualité;Glace;1;valpineta.eu/fr/temporada-de-norte/;2564
72;Textes et médias - Refugio Pineta (Valpineta);PageMedias;;1;valpineta.eu/fr/textes-et-medias/;72
2522;Tranquilidad - Refugio Pineta;Actualité;Eté;0;valpineta.eu/tranquilidad/;
2528;Tranquilité - Refugio Pineta (Valpineta);Actualité;Eté;1;valpineta.eu/fr/tranquilidad/;2522
2791;Trigoniero, Salcorz, Mener - Refugio Pineta;Actualité;Eté;0;valpineta.eu/trigoniero-salcorz-mener/;
2544;Dernière sortie à ski au Comodoto ? - Refugio Pineta (Valpineta);Actualité;Neige;1;valpineta.eu/fr/ultima-comodoto/;
2102;¡Una vez más la Diputación Provincial de Huesca demuestra su compromiso con los refugios de montaña! - Refugio Pineta;Actualité;Eté;0;valpineta.eu/una-vez-mas-la-diputacion-provincial-de-huesca-demuestra-su-compromiso-con-los-refugios-de-montana/;
2200;Un día de primavera - Refugio Pineta;Actualité;Neige;0;valpineta.eu/un-dia-de-primavera/;
2231;Un jour de printemps - Refugio Pineta (Valpineta);Actualité;Neige;1;valpineta.eu/fr/un-dia-de-primavera/;2200
2336;Un día para pasear los crampones y el piolet - Refugio Pineta;Actualité;Neige;0;valpineta.eu/un-dia-para-pasear-los-crampones-y-el-piolet/;
2379;Une belle journée pour promener les crampons et le piolet - Refugio Pineta (Valpineta);Actualité;Neige;1;valpineta.eu/fr/un-dia-para-pasear-los-crampones-y-el-piolet/;2336
234;Bici - Refugio Pineta;PageVélo;;0;valpineta.eu/bici/;
606;Vélo - Refugio Pineta (Valpineta);PageVélo;;1;valpineta.eu/fr/velo/;234
109;Vuelta de Pineta, un vuelo por el fondo del valle - Refugio Pineta;Actualité;Eté;0;valpineta.eu/vuelta-de-pineta-la-vuelta-al-ruedo/;
342;Tour de Pineta, un vol dans le fond du cirque - Refugio Pineta (Valpineta);Actualité;Eté;1;valpineta.eu/fr/vuelta-de-pineta-la-vuelta-al-ruedo/;109
1978;Vuelta del Piméné... - Refugio Pineta;Actualité;Eté;0;valpineta.eu/vuelta-pimene/;
1985;Vuelta del Piméné... - Refugio Pineta (Valpineta);Actualité;Eté;1;valpineta.eu/fr/vuelta-pimene/;1978
2316;webcam - Refugio Pineta;Webcam;;0;valpineta.eu/webcam/;
2250;¿Y como está la boca Sur del Túnel? - Refugio Pineta;Actualité;Neige;0;valpineta.eu/y-como-esta-la-boca-sur-del-tunel/;
2340;Condiciones Boca Norte - Refugio Pineta;Actualité;Glace;0;valpineta.eu/condiciones-boca-norte/;
2371;Conditions de glace Barrosa et Tunnel - Refugio Pineta (Valpineta);Actualité;Glace;1;valpineta.eu/fr/condiciones-boca-norte/;2340
1334;Ha dejado de nevar y ha salido el sol ... hoy la Forqueta - Refugio Pineta;Actualité;Neige;0;https://www.valpineta.eu/ha-dejado-de-nevar-y-ha-salido-el-sol-hoy-la-forqueta/;
1409;Coll. del Aiguillette... - Refugio Pineta;Actualité;Neige;0;https://www.valpineta.eu/coll-del-aiguillette/;
1776;Punta de Castiecho - Refugio Pineta;Excursion;;0;https://www.valpineta.eu/excursion/punta-de-castiecho/;
1976;Una visita a los vecinos... - Refugio Pineta;Actualité;Neige;0;https://www.valpineta.eu/fubillons-una-visita-a-los-vecinos/;
2534;¿Última esquiadeta en el Comodoto? - Refugio Pineta;Actualité;Neige;0;https://www.valpineta.eu/ultima-comodoto/;
2627;Desprendimiento en los Esparrets - Refugio Pineta;Actualité;Eté;0;https://www.valpineta.eu/desprendimiento-en-los-esparrets/;
2737;Plana del Cabo - Cabaña de Trigoniero - Refugio Pineta;Excursion;;0;https://www.valpineta.eu/excursion/plana-del-cabo-cabana-de-trigoniero/;
49;Actividades - Refugio Pineta;PageActivité;;0;valpineta.eu/actividades/;
18;Activités - Refugio Pineta (Valpineta);PageActivité;;1;valpineta.eu/fr/activites/;49
1083;Condiciones de hielo - Refugio Pineta;Actualité;Glace;0;valpineta.eu/condiciones-de-hielo/;
2203;Condiciones de hielo en el sector Marías y Verdes - Refugio Pineta;Actualité;Glace;0;valpineta.eu/condiciones-de-hielo-en-el-sector-marias-y-verdes/;
2229;Conditions glace secteurs Marías et Punta Verde - Refugio Pineta (Valpineta);Actualité;Glace;1;valpineta.eu/fr/condiciones-de-hielo-en-el-sector-marias-y-verdes/;2203
1316;Condiciones des hielo en la boca norte - Refugio Pineta;Actualité;Glace;0;valpineta.eu/condiciones-des-hielo-en-la-boca-norte/;
1060;Condiciones magnificas para esquiar en nieve rápida... - Refugio Pineta;Actualité;Neige;0;valpineta.eu/condiciones-magnificas-para-esquiar-en-nieve-rapida/;
2169;cuezo - Refugio Pineta;Actualité;Neige;0;valpineta.eu/cuezo/;
2235;Entre deux bourrasques... - Refugio Pineta (Valpineta);Actualité;Neige;1;valpineta.eu/fr/cuezo/;2169
2632;Glissement de terrain aux Esparrets - Refugio Pineta (Valpineta);Actualité;Eté;1;valpineta.eu/fr/desprendimiento-en-los-esparrets/;
2345;Dicen que la nieve es dura en el monte - Refugio Pineta;Actualité;Neige;0;valpineta.eu/dicen-que-la-nieve-es-dura-en-el-monte/;
2381;Il paraît que la neige est dure - Refugio Pineta (Valpineta);Actualité;Neige;1;valpineta.eu/fr/dicen-que-la-nieve-es-dura-en-el-monte/;2345
1005;Diciembre 20 - Principio de temporada - Refugio Pineta;Actualité;Neige;0;valpineta.eu/diciembre-20-principio-de-temporada/;
1850;El Chinipro, mejor que el CinemaScope - Refugio Pineta;Actualité;Eté;0;valpineta.eu/el-chinipro-mejor-que-el-cinemascope/;
1881;Le Chinipro, encore mieux que le CinemaScope ! - Refugio Pineta (Valpineta);Actualité;Eté;1;valpineta.eu/fr/el-chinipro-mejor-que-el-cinemascope/;1850
205;El Comodoto, donde comienzan los sueños... - Refugio Pineta;Actualité;Eté;0;valpineta.eu/el-comodoto-el-principe/;
265;El Comodoto, où commencent les rêves... - Refugio Pineta (Valpineta);Actualité;Eté;1;valpineta.eu/fr/el-comodoto-el-principe/;205
90;Alpinisme - Refugio Pineta;Alpinisme;;0;valpineta.eu/alpinisme/;
242;Alpinisme Archive - Refugio Pineta (Valpineta);Alpinisme;;1;valpineta.eu/alpinisme/;90
1009;El Cuezo, una asignatura pendiente... - Refugio Pineta;Actualité;Neige;0;valpineta.eu/el-cuezo/;
238;Escalada de hielo - Refugio Pineta;PageGlace;;0;valpineta.eu/hielo/;
83;Escalade de glace - Refugio Pineta (Valpineta);PageGlace;;1;valpineta.eu/fr/escalade-de-glace/;238
2786;¡Baile de nubes en las Marías! - Refugio Pineta;Actualité;Eté;0;valpineta.eu/?p=12673&preview=true;
2800;Danses de nuages sur les Marías! - Refugio Pineta (Valpineta);Actualité;Eté;1;valpineta.eu/fr/baile-de-nubes-en-las-marias/;2786
1744;El Gnomo de Pineta... - Refugio Pineta;Actualité;Eté;0;valpineta.eu/el-gnomo-de-pineta/;
1746;El Gnomo de Pineta... - Refugio Pineta (Valpineta);Actualité;Eté;1;valpineta.eu/fr/el-gnomo-de-pineta/;1744
965;Mentions légales - Refugio Pineta;PageMentionsLegales;;0;valpineta.eu/mentions-legales/;
382;Portillo de Tella - Refugio Pineta;Excursion;;0;valpineta.eu/excursion/portillo-de-tella/;
835;Hielo en Liena - Refugio Pineta;PageGlace;;0;valpineta.eu/hielo-liena/;
1277;Cascade de glace - Circo de Liena - Refugio Pineta (Valpineta);PageGlace;;1;valpineta.eu/fr/cascade-de-glace-circo-de-liena/;835
2020;Puerto de Salcorz - Héchempy - Refugio Pineta;Excursion;;0;valpineta.eu/excursion/puerto-de-salcorz-hechempy/;
661;Hielo en Chisagüés - Refugio Pineta;PageGlace;;0;valpineta.eu/hielo-chisagues/;
849;Cascades dans la vallée de Chisagués - Refugio Pineta (Valpineta);PageGlace;;1;valpineta.eu/fr/cascades-dans-la-vallee-de-chisagues/;661
151;Cascada Murñez - Refugio Pineta;Excursion;;0;valpineta.eu/excursion/cascadamurnez/;
619;Cascade Murñez - Refugio Pineta (Valpineta);Excursion;;1;valpineta.eu/fr/excursion/cascade/;151
107;El Cuezo en circular - Refugio Pineta;Excursion;;0;valpineta.eu/excursion/cuezo-circular/;
22;Le Cuezo en circuit - Refugio Pineta (Valpineta);Excursion;;1;valpineta.eu/fr/excursion/le-cuezo-en-circuit/;107
1364;El hielo se calienta - Refugio Pineta;Actualité;Glace;0;valpineta.eu/el-hielo-se-calienta/;
302;Túnel Boca Norte - Refugio Pineta;PageGlace;;0;valpineta.eu/hielo-tunel-boca-norte/;
1135;Cascades de glaces - Tunnel entrée nord - Refugio Pineta (Valpineta);PageGlace;;1;valpineta.eu/fr/cascades-de-glaces-tunnel-entree-nord/;302
665;Túnel Boca Sur - Refugio Pineta;PageGlace;;0;valpineta.eu/hielo-tunel-sur/;
1074;Cascades de glace - Tunnel Entrée Sud - Refugio Pineta (Valpineta);PageGlace;;1;valpineta.eu/fr/cascades-de-glace-tunnel-entree-sud/;665
2883;El Mirador escondido de Pineta - Refugio Pineta;Actualité;Eté;0;valpineta.eu/el-mirador-escondido-de-pineta/;
663;Hielo Ordiceto/Trigoniero - Refugio Pineta;PageGlace;;0;valpineta.eu/hielo-ordiceto-trigoniero/;
1283;Cascades de glace - Urdiceto/Trigoniero - Refugio Pineta (Valpineta);PageGlace;;1;valpineta.eu/fr/cascades-de-glace-urdiceto-trigoniero/;663
998;Pineta y el hielo... - Refugio Pineta;Actualité;Glace;0;valpineta.eu/pineta-y-el-hielo/;
119;Pico de Aiguillette desde la Boca Sur del Túnel - Refugio Pineta;Ski;;0;valpineta.eu/skirandoraquette/pic-de-laiguillette/;
1373;Archives des Hielo - Refugio Pineta;Glace;;0;valpineta.eu/category/hielo/;
988;Paseo por la Plana Fonda 05 02 20 - Refugio Pineta;Actualité;Neige;0;valpineta.eu/paseo-por-la-plana-fonda-05-02-20/;
2893;Le mirador caché des regards - Refugio Pineta (Valpineta);Actualité;Eté;1;valpineta.eu/fr/el-mirador-escondido-miradas/;
92;El Perdido desde Pineta, la ruta de Ramond - Refugio Pineta;Actualité;Eté;0;valpineta.eu/el-perdido-desde-pineta/;
56;Le Mont Perdu depuis Pineta, la voie de Ramond - Refugio Pineta (Valpineta);Actualité;Eté;1;valpineta.eu/fr/mont-perdu-depuis-pineta/;92
587;Hielo en Barrosa - Refugio Pineta;PageGlace;;0;valpineta.eu/hielo-barrosa/;
974;Cascades de glaces à Barrosa - Refugio Pineta (Valpineta);PageGlace;;1;valpineta.eu/fr/cascades-de-glaces-a-barrosa/;587
1128;Apertura de la estación de esquí de fondo de Pineta - Refugio Pineta;Actualité;Neige;0;valpineta.eu/apertura-de-la-estacion-de-esqui-de-fondo-de-pineta/;
986;Condiciones Túnel Boca Norte - Refugio Pineta;Actualité;Glace;0;valpineta.eu/batallenza-tunel-boca-norte/;
1360;El casco - Refugio Pineta;Glace;;0;valpineta.eu/escaladedeglace/el-casco/;
872;Granissat Nivea - Refugio Pineta;Glace;;0;valpineta.eu/escaladedeglace/granissat-nivea/;
63;El refugio - Refugio Pineta;PageRefuge;;0;valpineta.eu/el-refugio/;
12;Le refuge - Refugio Pineta (Valpineta);PageRefuge;;1;valpineta.eu/fr/el-refugio/;63
66;El valle - Refugio Pineta;PageVallée;;0;valpineta.eu/el-valle/;
1094;Descubrir el valle - Refugio Pineta (Valpineta);PageVallée;;1;valpineta.eu/fr/el-valle/;66
74;La vallée - Refugio Pineta (Valpineta);PageVallée;;1;valpineta.eu/fr/la-vallee/;1094
1514;Es primavera... - Refugio Pineta;Actualité;Neige;0;valpineta.eu/es-primavera/;
994;Estado de la nieve - Refugio Pineta;Actualité;Neige;0;valpineta.eu/estado-de-la-nieve/;
2647;Estado de la nieve cara Sur... - Refugio Pineta;Actualité;Neige;0;valpineta.eu/estado-de-la-nieve-cara-sur/;
2906;el viaje - Refugio Pineta;Actualité;25 Años;0;valpineta.eu/el-viaje/;
2844;La Enclusa ¿Os acordáis? - Refugio Pineta;Escalade;;0;valpineta.eu/enclusa/;
2848;"La Enclusa,ahora &quot;Te toca&quot; - Refugio Pineta (Valpineta)";Escalade;;1;valpineta.eu/fr/enclusa/;2844
208;Arista Sur del Pico de Pineta - Refugio Pineta;Alpinisme;;0;valpineta.eu/alpinisme/arista-sur-pico-de-pineta/;
644;Arête sud du Pic de Pineta - Refugio Pineta (Valpineta);Alpinisme;;1;valpineta.eu/fr/alpinisme/arete-sud-du-pic-de-pineta/;208
455;Escalada en hielo sector 3 Marias - Refugio Pineta;Actualité;Glace;0;valpineta.eu/escalada-en-hielo-sector-3-marias/;
197;Escalades Archive - Refugio Pineta;Escalade;;0;valpineta.eu/escalade/;
891;Escalades Archive - Refugio Pineta (Valpineta);Escalade;;1;valpineta.eu/fr/escalade/;197
952;Foz de la Canal - Refugio Pineta;Escalade;;0;valpineta.eu/escalade/foz-de-la-canal/;
1546;Foz de la Canal - Refugio Pineta (Valpineta);Escalade;;1;valpineta.eu/fr/escalade/foz-de-la-canal/;952
190;La enclusa - Refugio Pineta;Escalade;;0;valpineta.eu/escalade/la-enclusa/;
895;La Enclusa - Refugio Pineta (Valpineta);Escalade;;1;valpineta.eu/fr/escalade/la-enclusa/;190
201;La Pella - Refugio Pineta;Escalade;;0;valpineta.eu/escalade/la-pella/;
1665;La Pella - Refugio Pineta (Valpineta);Escalade;;1;valpineta.eu/fr/escalade/la-pella/;201
199;Pocilcas - Refugio Pineta;Escalade;;0;valpineta.eu/escalade/pocilcas/;
1667;Pocilcas - Refugio Pineta (Valpineta);Escalade;;1;valpineta.eu/fr/escalade/pocilcas/;199
1022;Montañas de Añisclo : Puntas de las Olas, Suca, Soum de Ramond - Refugio Pineta;Actualité;Eté;0;valpineta.eu/montanas-de-anisclo-puntas-de-la-olas-suca-soum-de-ramond/;
522;Abuisa - Refugio Pineta;Glace;;0;valpineta.eu/escaladedeglace/abuisa/;
2257;Abuisa - Refugio Pineta (Valpineta);Glace;;1;valpineta.eu/fr/escaladedeglace/abuisa/;522
922;Algonquinos - Refugio Pineta;Glace;;0;valpineta.eu/escaladedeglace/algonquinos/;
2298;Algonquinos - Refugio Pineta (Valpineta);Glace;;1;valpineta.eu/fr/escaladedeglace/algonquinos/;922
632;Aliena2 - Refugio Pineta;Glace;;0;valpineta.eu/escaladedeglace/aliena2/;
2334;Aliena2 - Refugio Pineta (Valpineta);Glace;;1;valpineta.eu/fr/escaladedeglace/aliena2/;632
741;Liena - Chemin des mines - Barrosa - Refugio Pineta (Valpineta);Excursion;;1;valpineta.eu/fr/excursion/liena-pardas-barrosa/;
2762;Plana del Cabo - Cabane de Trigoniero - Refugio Pineta (Valpineta);Excursion;Eté;1;valpineta.eu/fr/excursion/plana-del-cabo-cabana-de-trigoniero/;
96;Punta de las Olas - Refugio Pineta;Excursion;;0;valpineta.eu/excursion/punta-de-las-olas/;
471;Fubillons, una visita a los vecinos... - Refugio Pineta;Actualité;Neige;0;valpineta.eu/fubillons-una-visita-a-los-vecinos/;
359;Hielo Pineta - Refugio Pineta;PageGlace;;0;valpineta.eu/hielo-pineta/;
315;Cascade de Glace à Pineta - Refugio Pineta (Valpineta);PageGlace;;1;valpineta.eu/fr/cascade-de-glace-a-pineta/;359
996;Hielo en Pineta... 16/11/2020 - Refugio Pineta;Actualité;Glace;0;valpineta.eu/hielo-en-pineta-16-11-2020/;
916;Alienagena - Refugio Pineta;Glace;;0;valpineta.eu/escaladedeglace/alienagena/;
2306;Alienagena - Refugio Pineta (Valpineta);Glace;;1;valpineta.eu/fr/escaladedeglace/alienagena/;916
1357;Americana - Refugio Pineta;Glace;;0;valpineta.eu/escaladedeglace/americana/;
1319;Americana - Refugio Pineta (Valpineta);Glace;;1;valpineta.eu/fr/escaladedeglace/americana/;1357
906;Anuska - Refugio Pineta;Glace;;0;valpineta.eu/escaladedeglace/anuska/;
555;Apertura en horario laboral - Refugio Pineta;Glace;;0;valpineta.eu/escaladedeglace/apertura-en-horario-laboral/;
2388;Apertura en horario laboral - Refugio Pineta (Valpineta);Glace;;1;valpineta.eu/fr/escaladedeglace/apertura-en-horario-laboral/;555
42;Arapahoe - Refugio Pineta;Glace;;0;valpineta.eu/escaladedeglace/arapahoe/;
2220;Arapahoe - Refugio Pineta (Valpineta);Glace;;1;valpineta.eu/fr/escaladedeglace/arapahoe/;42
845;Au pied du mur - Refugio Pineta;Glace;;0;valpineta.eu/escaladedeglace/au-pied-du-mur/;
2312;Au pied du mur - Refugio Pineta (Valpineta);Glace;;1;valpineta.eu/fr/escaladedeglace/au-pied-du-mur/;845
579;Bachetas - Refugio Pineta;Glace;;0;valpineta.eu/escaladedeglace/bachetas/;
1251;Bachetas - Refugio Pineta (Valpineta);Glace;;1;valpineta.eu/fr/escaladedeglace/bachetas/;579
485;Barranco del Pinaret (Barrau) - Refugio Pineta;Glace;;0;valpineta.eu/escaladedeglace/barranco-del-pinaret-barrau/;
1124;Barranco del Pinaret (Barrau) - Refugio Pineta (Valpineta);Glace;;1;valpineta.eu/fr/escaladedeglace/barranco-del-pinaret-barrau/;485
419;Barranco La Olla - Refugio Pineta;Glace;;0;valpineta.eu/escaladedeglace/barranco-la-olla/;
317;Barranco La Olla - Refugio Pineta (Valpineta);Glace;;1;valpineta.eu/fr/escaladedeglace/barranco-la-olla/;419
1718;Norte del Perdido - Refugio Pineta;Alpinisme;;0;valpineta.eu/alpinisme/norte-del-perdido/;
1679;Norte - Refugio Pineta (Valpineta);Alpinisme;;1;valpineta.eu/fr/alpinisme/norte-del-perdido/;1687
2569;Norte del Perdido - Refugio Pineta (Valpineta);Actualité;Glace;1;valpineta.eu/fr/alpinisme/norte-del-perdido/;1679
939;Barranco Mener - La fiesta des Hartanes - Refugio Pineta;Glace;;0;valpineta.eu/escaladedeglace/barranco-mener-la-fiesta-des-hartanes/;
2393;Barranco Mener - La fiesta des Hartanes - Refugio Pineta (Valpineta);Glace;;1;valpineta.eu/fr/escaladedeglace/barranco-mener-la-fiesta-des-hartanes/;939
489;Barranco Morlaz - Refugio Pineta;Glace;;0;valpineta.eu/escaladedeglace/barranco-morlaz/;
2909;Barranco Morlaz - Refugio Pineta (Valpineta);Glace;;1;valpineta.eu/fr/escaladedeglace/barranco-morlaz/;489
942;Bolo Fang - Refugio Pineta;Glace;;0;valpineta.eu/escaladedeglace/bolo-fang/;
1285;Bolo Fang - Refugio Pineta (Valpineta);Glace;;1;valpineta.eu/fr/escaladedeglace/bolo-fang/;942
571;Bombón Helao - Resalte Coronetas - Refugio Pineta;Glace;;0;valpineta.eu/escaladedeglace/bombon-helao-resalte-coronetas/;
538;Brutal Fang - Refugio Pineta;Glace;;0;valpineta.eu/escaladedeglace/brutal-fang/;
813;Brutal Fang - Refugio Pineta (Valpineta);Glace;;1;valpineta.eu/fr/escaladedeglace/brutal-fang/;538
1386;Canal de la Dorada - Refugio Pineta;Glace;;0;valpineta.eu/escaladedeglace/canal-de-la-dorada/;
821;Canal de la Dorada - Refugio Pineta (Valpineta);Glace;;1;valpineta.eu/fr/escaladedeglace/canal-de-la-dorada/;1386
509;Canary Dry - Refugio Pineta;Glace;;0;valpineta.eu/escaladedeglace/canary-dry/;
1716;Canary Dry - Refugio Pineta (Valpineta);Glace;;1;valpineta.eu/fr/escaladedeglace/canary-dry/;509
823;Cap-gros - Refugio Pineta;Glace;;0;valpineta.eu/escaladedeglace/cap-gros/;
908;Cascada de las Bordas de Puyals - Refugio Pineta;Glace;;0;valpineta.eu/escaladedeglace/cascada-de-las-bordas-de-puyals/;
1279;Cascada de las Bordas de Puyals - Refugio Pineta (Valpineta);Glace;;1;valpineta.eu/fr/escaladedeglace/cascada-de-las-bordas-de-puyals/;908
837;Cascada dels Elfics - Refugio Pineta;Glace;;0;valpineta.eu/escaladedeglace/cascada-dels-elfics/;
2310;Cascada dels Elfics - Refugio Pineta (Valpineta);Glace;;1;valpineta.eu/fr/escaladedeglace/cascada-dels-elfics/;837
2611;Se adelanta el verano - Refugio Pineta;Actualité;Eté;0;valpineta.eu/anisclo-y-gr11-hacia-goriz-sin-nieve/;
549;Cascada du Cinca - Refugio Pineta;Glace;;0;valpineta.eu/escaladedeglace/cascada-du-cinca/;
1270;Cascada du Cinca - Refugio Pineta (Valpineta);Glace;;1;valpineta.eu/fr/escaladedeglace/cascada-du-cinca/;549
423;Cascada Integral de los Esparrets - Refugio Pineta;Glace;;0;valpineta.eu/escaladedeglace/cascada-esparrets/;
642;Cascade Integrale des Esparrets - Refugio Pineta (Valpineta);Glace;;1;valpineta.eu/fr/escaladedeglace/cascade-integrale-des-esparrets/;423
926;Cascada Gas - Refugio Pineta;Glace;;0;valpineta.eu/escaladedeglace/cascada-gas/;
498;Cascadas de la risa - Refugio Pineta;Glace;;0;valpineta.eu/escaladedeglace/cascadas-de-la-risa/;
2111;Cascadas de la risa - Refugio Pineta (Valpineta);Glace;;1;valpineta.eu/fr/escaladedeglace/cascadas-de-la-risa/;498
1161;Cascade du petit pin - Refugio Pineta;Glace;;0;valpineta.eu/escaladedeglace/cascade-du-petit-pin/;
1227;Central - Refugio Pineta;Glace;;0;valpineta.eu/escaladedeglace/central/;
1230;Central - Refugio Pineta (Valpineta);Glace;;1;valpineta.eu/fr/escaladedeglace/central/;1227
384;Chichisagües - Refugio Pineta;Glace;;0;valpineta.eu/escaladedeglace/chichisagues/;
1018;Chisa Wey - Refugio Pineta;Glace;;0;valpineta.eu/escaladedeglace/chisa-wey/;
2008;Chisa Wey - Refugio Pineta (Valpineta);Glace;;1;valpineta.eu/fr/escaladedeglace/chisa-wey/;1018
910;Chorro de Ordiceto - Refugio Pineta;Glace;;0;valpineta.eu/escaladedeglace/chorro-de-ordiceto/;
2065;Chorro de Ordiceto - Refugio Pineta (Valpineta);Glace;;1;valpineta.eu/fr/escaladedeglace/chorro-de-ordiceto/;910
1999;Salcorz - Trigoniero : en circuito por el Pico de Salcorz - Refugio Pineta;Excursion;;0;valpineta.eu/excursion/salcorz-trigoniero-en-circuito-por-el-pico-de-salcorz/;
1703;Recherche;;;0;valpineta.eu/search/www.szhky.com.cn;
338;Page non trouvée - Refugio Pineta;;;0;;
616;Page non trouvée - Refugio Pineta (Valpineta);;;1;;
687;Excursion - Refugio Pineta (Valpineta);;;1;;616
